{
  "version": 1,
  "author": "Uri Shaked",
  "editor": "wokwi",
  "parts": [
    {
      "type": "board-pi-pico-w",
      "id": "pico",
      "top": -89.65,
      "left": -92.45,
      "attrs": { "env": "micropython-20230426-v1.20.0", "cyw43": "1" }
    },
    {
      "type": "wokwi-pushbutton",
      "id": "btn1",
      "top": -51.4,
      "left": 28.8,
      "attrs": { "color": "green", "env": "circuitpython-8.0.2" }
    }
  ],
  "connections": [
    [ "pico:GP28", "btn1:2.l", "green", [ "h0" ] ],
    [ "btn1:1.l", "pico:GND.8", "green", [ "v-19.2", "h-48.31" ] ]
  ],
  "dependencies": {}
}